Timestamp,Username,Mood
2025-05-27 15:08:27,shtlp_0034,ğŸ˜”
2025-05-27 15:23:42,shtlp_0034,ğŸ˜ŠğŸ‘
2025-05-27 15:37:43,shtlp_0034,ğŸ˜
2025-05-27 16:58:48,shtlp_0034,ğŸ˜„,Thrivin'
2025-05-27 20:24:52,shtlp_0034,ğŸ˜”,Low Key
2025-05-29 10:54:11,shtlp_0034,ğŸ˜,Meh!
2025-05-29 10:56:47,shtlp_0034,ğŸ˜,Meh!
2025-05-29 10:58:29,shtlp_0034,ğŸ˜„,Thrivin'
2025-05-29 11:04:30,shtlp_0034,ğŸ˜Š,Chillin'
2025-05-29 11:04:48,shtlp_0034,ğŸ˜,Cooked >_>
2025-05-29 11:08:25,shtlp_0034,ğŸ˜,Meh!
2025-05-29 11:08:44,shtlp_0034,ğŸ˜Š,Chillin'
2025-05-29 11:09:11,shtlp_0034,ğŸ˜„,Thrivin'
2025-05-29 11:09:31,shtlp_0034,ğŸ˜,Cooked >_>
2025-05-29 11:21:18,shtlp_0034,ğŸ˜,Meh!
2025-05-29 11:21:37,shtlp_0034,ğŸ˜Š,Chillin'
2025-05-29 11:21:56,shtlp_0034,ğŸ˜,Meh!
2025-05-29 11:25:09,shtlp_0034,ğŸ˜Š,Chillin'
2025-05-29 11:25:32,shtlp_0034,ğŸ˜,Cooked >_>
2025-05-29 11:29:14,shtlp_0034,ğŸ˜,Meh!
2025-05-29 11:29:39,shtlp_0034,ğŸ˜Š,Chillin'
2025-05-29 11:43:55,shtlp_0034,ğŸ˜,Meh!
2025-05-29 11:47:09,shtlp_0034,ğŸ˜,Meh!
2025-05-29 11:47:54,shtlp_0034,ğŸ˜,Meh!
2025-05-29 11:48:49,shtlp_0034,ğŸ˜,Meh!
2025-05-29 11:51:48,shtlp_0034,ğŸ˜Š,Chillin'
2025-05-29 11:52:52,shtlp_0034,ğŸ˜„,Thrivin'
2025-05-29 12:02:02,shtlp_0034,ğŸ˜,Meh!
2025-05-29 12:04:06,shtlp_0034,ğŸ˜Š,Chillin'
2025-05-29 12:06:25,shtlp_0034,ğŸ˜,Meh!
2025-05-29 12:15:25,shtlp_0034,ğŸ˜”,Low Key
2025-05-29 12:39:30,shtlp_0034,ğŸ˜,Meh!
2025-05-29 12:45:29,shtlp_0034,ğŸ˜,Meh!
2025-05-29 12:46:24,shtlp_0034,ğŸ˜,Meh!
2025-05-29 12:50:58,shtlp_0034,ğŸ˜,Meh!
2025-05-29 12:53:10,shtlp_0034,ğŸ˜Š,Chillin'
2025-05-29 12:54:19,shtlp_0034,ğŸ˜Š,Chillin'
2025-05-29 12:58:21,shtlp_0034,ğŸ˜Š,Chillin'
2025-05-29 12:58:45,shtlp_0034,ğŸ˜Š,Chillin'
2025-05-29 13:00:04,shtlp_0034,ğŸ˜Š,Chillin'
2025-05-29 13:01:24,shtlp_0034,ğŸ˜Š,Chillin'
2025-05-29 13:02:23,shtlp_0034,ğŸ˜,Meh!
2025-05-29 13:05:42,shtlp_0034,ğŸ˜Š,Chillin'
2025-05-29 13:06:31,shtlp_0034,ğŸ˜,Meh!
2025-05-29 13:59:34,shtlp_0034,ğŸ˜,Meh!
2025-05-29 14:00:07,shtlp_0034,ğŸ˜Š,Chillin'
2025-05-29 14:50:21,shtlp_0034,ğŸ˜,Meh!
2025-05-29 14:52:23,shtlp_0034,ğŸ˜„,Thrivin'
2025-05-29 14:52:49,shtlp_0034,ğŸ˜Š,Chillin'
2025-05-29 14:53:10,shtlp_0034,ğŸ˜„,Thrivin'
2025-05-29 14:53:33,shtlp_0034,ğŸ˜Š,Chillin'
2025-06-02 10:29:55,shtlp_0034,ğŸ˜„,Thrivin'
2025-06-02 11:14:57,shtlp_0034,ğŸ˜,Cooked >_>
2025-06-02 11:49:54,shtlp_0034,ğŸ˜„,Thrivin'
2025-06-02 11:51:38,shtlp_0034,ğŸ˜„,Thrivin'
2025-06-02 11:53:52,shtlp_0034,ğŸ˜„,Thrivin'
2025-06-02 11:53:52,shtlp_0034,ğŸ˜„,Thrivin'
2025-06-02 11:53:52,shtlp_0034,ğŸ˜„,Thrivin'
2025-06-02 11:53:52,shtlp_0034,ğŸ˜„,Thrivin'
2025-06-02 11:54:20,shtlp_0034,ğŸ˜„,Thrivin'
2025-06-02 11:54:20,shtlp_0034,ğŸ˜„,Thrivin'
2025-06-02 11:54:20,shtlp_0034,ğŸ˜„,Thrivin'
2025-06-02 11:54:46,shtlp_0034,ğŸ˜„,Thrivin'
2025-06-02 11:54:46,shtlp_0034,ğŸ˜„,Thrivin'
2025-06-02 11:54:46,shtlp_0034,ğŸ˜„,Thrivin'
2025-06-02 11:55:02,shtlp_0034,ğŸ˜”,Low Key
2025-06-02 11:55:13,shtlp_0034,ğŸ˜„,Thrivin'
2025-06-02 11:55:13,shtlp_0034,ğŸ˜„,Thrivin'
2025-06-02 11:55:13,shtlp_0034,ğŸ˜„,Thrivin'
2025-06-02 12:02:27,shtlp_0034,ğŸ˜,Cooked >_>
2025-06-02 12:02:53,shtlp_0034,ğŸ˜,Meh!
